testid,beacon_major,beacon_minor,b_building,b_floor,b_x,b_y,rssi,building,floor_true,x_true,y_true,floor_est,x_est,y_est,error,floor_error
"Test12418",1000,588,"AM",1,3.0613755224946493,60.484984604957916,-69,"AM",1,3.594801226538799,56.88285995825111,1,12.511448514162426,63.05869307268919,10.846543850889818,0
"Test12418",1000,588,"AM",1,3.0613755224946493,60.484984604957916,-70,"AM",1,3.594801226538799,56.88285995825111,1,12.511448514162426,63.05869307268919,10.846543850889818,0
"Test12418",1000,588,"AM",1,3.0613755224946493,60.484984604957916,-71,"AM",1,3.594801226538799,56.88285995825111,1,12.511448514162426,63.05869307268919,10.846543850889818,0
"Test12418",1000,588,"AM",1,3.0613755224946493,60.484984604957916,-70,"AM",1,3.594801226538799,56.88285995825111,1,12.511448514162426,63.05869307268919,10.846543850889818,0
"Test12418",1000,588,"AM",1,3.0613755224946493,60.484984604957916,-73,"AM",1,3.594801226538799,56.88285995825111,1,12.511448514162426,63.05869307268919,10.846543850889818,0
"Test12418",1000,537,"AM",1,22.931007603118402,60.85959261002064,-82,"AM",1,3.594801226538799,56.88285995825111,1,12.511448514162426,63.05869307268919,10.846543850889818,0
"Test12418",1000,537,"AM",1,22.931007603118402,60.85959261002064,-83,"AM",1,3.594801226538799,56.88285995825111,1,12.511448514162426,63.05869307268919,10.846543850889818,0
"Test12418",1000,537,"AM",1,22.931007603118402,60.85959261002064,-89,"AM",1,3.594801226538799,56.88285995825111,1,12.511448514162426,63.05869307268919,10.846543850889818,0
"Test12418",1000,537,"AM",1,22.931007603118402,60.85959261002064,-100,"AM",1,3.594801226538799,56.88285995825111,1,12.511448514162426,63.05869307268919,10.846543850889818,0
"Test12418",1000,567,"AM",1,4.111092087008469,68.50159355129132,-86,"AM",1,3.594801226538799,56.88285995825111,1,12.511448514162426,63.05869307268919,10.846543850889818,0
"Test12418",1000,567,"AM",1,4.111092087008469,68.50159355129132,-95,"AM",1,3.594801226538799,56.88285995825111,1,12.511448514162426,63.05869307268919,10.846543850889818,0
"Test12418",1000,567,"AM",1,4.111092087008469,68.50159355129132,-91,"AM",1,3.594801226538799,56.88285995825111,1,12.511448514162426,63.05869307268919,10.846543850889818,0
"Test12418",1000,567,"AM",1,4.111092087008469,68.50159355129132,-85,"AM",1,3.594801226538799,56.88285995825111,1,12.511448514162426,63.05869307268919,10.846543850889818,0
"Test12418",1000,567,"AM",1,4.111092087008469,68.50159355129132,-92,"AM",1,3.594801226538799,56.88285995825111,1,12.511448514162426,63.05869307268919,10.846543850889818,0
"Test12418",1000,567,"AM",1,4.111092087008469,68.50159355129132,-90,"AM",1,3.594801226538799,56.88285995825111,1,12.511448514162426,63.05869307268919,10.846543850889818,0
"Test12418",1000,567,"AM",1,4.111092087008469,68.50159355129132,-88,"AM",1,3.594801226538799,56.88285995825111,1,12.511448514162426,63.05869307268919,10.846543850889818,0
"Test12418",1000,567,"AM",1,4.111092087008469,68.50159355129132,-86,"AM",1,3.594801226538799,56.88285995825111,1,12.511448514162426,63.05869307268919,10.846543850889818,0
"Test12418",1000,579,"AM",1,15.657972351110983,68.35175042702784,-89,"AM",1,3.594801226538799,56.88285995825111,1,12.511448514162426,63.05869307268919,10.846543850889818,0
"Test12418",1000,579,"AM",1,15.657972351110983,68.35175042702784,-91,"AM",1,3.594801226538799,56.88285995825111,1,12.511448514162426,63.05869307268919,10.846543850889818,0
"Test12418",1000,579,"AM",1,15.657972351110983,68.35175042702784,-92,"AM",1,3.594801226538799,56.88285995825111,1,12.511448514162426,63.05869307268919,10.846543850889818,0
"Test12418",1000,579,"AM",1,15.657972351110983,68.35175042702784,-92,"AM",1,3.594801226538799,56.88285995825111,1,12.511448514162426,63.05869307268919,10.846543850889818,0
"Test12418",1000,592,"AM",1,4.78590982289451,45.725435115368946,-91,"AM",1,3.594801226538799,56.88285995825111,1,12.511448514162426,63.05869307268919,10.846543850889818,0
"Test12418",1000,592,"AM",1,4.78590982289451,45.725435115368946,-91,"AM",1,3.594801226538799,56.88285995825111,1,12.511448514162426,63.05869307268919,10.846543850889818,0
"Test12418",1000,592,"AM",1,4.78590982289451,45.725435115368946,-91,"AM",1,3.594801226538799,56.88285995825111,1,12.511448514162426,63.05869307268919,10.846543850889818,0
"Test12418",1000,592,"AM",1,4.78590982289451,45.725435115368946,-90,"AM",1,3.594801226538799,56.88285995825111,1,12.511448514162426,63.05869307268919,10.846543850889818,0
"Test12418",1000,592,"AM",1,4.78590982289451,45.725435115368946,-94,"AM",1,3.594801226538799,56.88285995825111,1,12.511448514162426,63.05869307268919,10.846543850889818,0
"Test12418",1000,592,"AM",1,4.78590982289451,45.725435115368946,-96,"AM",1,3.594801226538799,56.88285995825111,1,12.511448514162426,63.05869307268919,10.846543850889818,0
"Test12418",1000,568,"AM",1,0.43708479215242596,38.00851285497156,-100,"AM",1,3.594801226538799,56.88285995825111,1,12.511448514162426,63.05869307268919,10.846543850889818,0
"Test12418",1000,568,"AM",1,0.43708479215242596,38.00851285497156,-99,"AM",1,3.594801226538799,56.88285995825111,1,12.511448514162426,63.05869307268919,10.846543850889818,0
"Test12418",1000,568,"AM",1,0.43708479215242596,38.00851285497156,-97,"AM",1,3.594801226538799,56.88285995825111,1,12.511448514162426,63.05869307268919,10.846543850889818,0
"Test12418",1000,568,"AM",1,0.43708479215242596,38.00851285497156,-99,"AM",1,3.594801226538799,56.88285995825111,1,12.511448514162426,63.05869307268919,10.846543850889818,0
"Test12418",1000,568,"AM",1,0.43708479215242596,38.00851285497156,-100,"AM",1,3.594801226538799,56.88285995825111,1,12.511448514162426,63.05869307268919,10.846543850889818,0
"Test12418",1000,534,"AM",1,23.005985968048318,49.39659185422822,-105,"AM",1,3.594801226538799,56.88285995825111,1,12.511448514162426,63.05869307268919,10.846543850889818,0
"Test12418",1000,534,"AM",1,23.005985968048318,49.39659185422822,-106,"AM",1,3.594801226538799,56.88285995825111,1,12.511448514162426,63.05869307268919,10.846543850889818,0
"Test16545",1000,592,"AM",1,4.78590982289451,45.725435115368946,-69,"AM",1,4.308557968378728,49.750827094942125,1,7.903314656655043,39.03082624188937,11.306665907214162,0
"Test16545",1000,592,"AM",1,4.78590982289451,45.725435115368946,-69,"AM",1,4.308557968378728,49.750827094942125,1,7.903314656655043,39.03082624188937,11.306665907214162,0
"Test16545",1000,592,"AM",1,4.78590982289451,45.725435115368946,-73,"AM",1,4.308557968378728,49.750827094942125,1,7.903314656655043,39.03082624188937,11.306665907214162,0
"Test16545",1000,592,"AM",1,4.78590982289451,45.725435115368946,-70,"AM",1,4.308557968378728,49.750827094942125,1,7.903314656655043,39.03082624188937,11.306665907214162,0
"Test16545",1000,592,"AM",1,4.78590982289451,45.725435115368946,-69,"AM",1,4.308557968378728,49.750827094942125,1,7.903314656655043,39.03082624188937,11.306665907214162,0
"Test16545",1000,592,"AM",1,4.78590982289451,45.725435115368946,-69,"AM",1,4.308557968378728,49.750827094942125,1,7.903314656655043,39.03082624188937,11.306665907214162,0
"Test16545",1000,592,"AM",1,4.78590982289451,45.725435115368946,-69,"AM",1,4.308557968378728,49.750827094942125,1,7.903314656655043,39.03082624188937,11.306665907214162,0
"Test16545",1000,568,"AM",1,0.43708479215242596,38.00851285497156,-89,"AM",1,4.308557968378728,49.750827094942125,1,7.903314656655043,39.03082624188937,11.306665907214162,0
"Test16545",1000,568,"AM",1,0.43708479215242596,38.00851285497156,-90,"AM",1,4.308557968378728,49.750827094942125,1,7.903314656655043,39.03082624188937,11.306665907214162,0
"Test16545",1000,568,"AM",1,0.43708479215242596,38.00851285497156,-89,"AM",1,4.308557968378728,49.750827094942125,1,7.903314656655043,39.03082624188937,11.306665907214162,0
"Test16545",1000,568,"AM",1,0.43708479215242596,38.00851285497156,-89,"AM",1,4.308557968378728,49.750827094942125,1,7.903314656655043,39.03082624188937,11.306665907214162,0
"Test16545",1000,582,"AM",1,11.908984843052998,23.099117519462734,-89,"AM",1,4.308557968378728,49.750827094942125,1,7.903314656655043,39.03082624188937,11.306665907214162,0
"Test16545",1000,582,"AM",1,11.908984843052998,23.099117519462734,-91,"AM",1,4.308557968378728,49.750827094942125,1,7.903314656655043,39.03082624188937,11.306665907214162,0
"Test16545",1000,582,"AM",1,11.908984843052998,23.099117519462734,-91,"AM",1,4.308557968378728,49.750827094942125,1,7.903314656655043,39.03082624188937,11.306665907214162,0
"Test16545",1000,582,"AM",1,11.908984843052998,23.099117519462734,-91,"AM",1,4.308557968378728,49.750827094942125,1,7.903314656655043,39.03082624188937,11.306665907214162,0
"Test16545",1000,582,"AM",1,11.908984843052998,23.099117519462734,-90,"AM",1,4.308557968378728,49.750827094942125,1,7.903314656655043,39.03082624188937,11.306665907214162,0
"Test16545",1000,582,"AM",1,11.908984843052998,23.099117519462734,-90,"AM",1,4.308557968378728,49.750827094942125,1,7.903314656655043,39.03082624188937,11.306665907214162,0
"Test16545",1000,582,"AM",1,11.908984843052998,23.099117519462734,-89,"AM",1,4.308557968378728,49.750827094942125,1,7.903314656655043,39.03082624188937,11.306665907214162,0
"Test16545",1000,582,"AM",1,11.908984843052998,23.099117519462734,-91,"AM",1,4.308557968378728,49.750827094942125,1,7.903314656655043,39.03082624188937,11.306665907214162,0
"Test16545",1000,582,"AM",1,11.908984843052998,23.099117519462734,-90,"AM",1,4.308557968378728,49.750827094942125,1,7.903314656655043,39.03082624188937,11.306665907214162,0
"Test16545",1000,584,"AM",1,14.758214851116394,38.00851285497156,-95,"AM",1,4.308557968378728,49.750827094942125,1,7.903314656655043,39.03082624188937,11.306665907214162,0
"Test16545",1000,584,"AM",1,14.758214851116394,38.00851285497156,-93,"AM",1,4.308557968378728,49.750827094942125,1,7.903314656655043,39.03082624188937,11.306665907214162,0
"Test16545",1000,584,"AM",1,14.758214851116394,38.00851285497156,-94,"AM",1,4.308557968378728,49.750827094942125,1,7.903314656655043,39.03082624188937,11.306665907214162,0
"Test16545",1000,588,"AM",1,3.0613755224946493,60.484984604957916,-96,"AM",1,4.308557968378728,49.750827094942125,1,7.903314656655043,39.03082624188937,11.306665907214162,0
"Test16545",1000,588,"AM",1,3.0613755224946493,60.484984604957916,-91,"AM",1,4.308557968378728,49.750827094942125,1,7.903314656655043,39.03082624188937,11.306665907214162,0
"Test16545",1000,588,"AM",1,3.0613755224946493,60.484984604957916,-100,"AM",1,4.308557968378728,49.750827094942125,1,7.903314656655043,39.03082624188937,11.306665907214162,0
"Test16545",1000,588,"AM",1,3.0613755224946493,60.484984604957916,-95,"AM",1,4.308557968378728,49.750827094942125,1,7.903314656655043,39.03082624188937,11.306665907214162,0
"Test16545",1000,588,"AM",1,3.0613755224946493,60.484984604957916,-95,"AM",1,4.308557968378728,49.750827094942125,1,7.903314656655043,39.03082624188937,11.306665907214162,0
"Test16545",1000,588,"AM",1,3.0613755224946493,60.484984604957916,-95,"AM",1,4.308557968378728,49.750827094942125,1,7.903314656655043,39.03082624188937,11.306665907214162,0
"Test16545",1000,588,"AM",1,3.0613755224946493,60.484984604957916,-97,"AM",1,4.308557968378728,49.750827094942125,1,7.903314656655043,39.03082624188937,11.306665907214162,0
"Test16545",1000,533,"AM",1,22.40614815353179,38.158356368043094,-98,"AM",1,4.308557968378728,49.750827094942125,1,7.903314656655043,39.03082624188937,11.306665907214162,0
"Test16545",1000,533,"AM",1,22.40614815353179,38.158356368043094,-97,"AM",1,4.308557968378728,49.750827094942125,1,7.903314656655043,39.03082624188937,11.306665907214162,0
"Test16545",1000,533,"AM",1,22.40614815353179,38.158356368043094,-98,"AM",1,4.308557968378728,49.750827094942125,1,7.903314656655043,39.03082624188937,11.306665907214162,0
"Test16545",1000,533,"AM",1,22.40614815353179,38.158356368043094,-98,"AM",1,4.308557968378728,49.750827094942125,1,7.903314656655043,39.03082624188937,11.306665907214162,0
"Test16545",1000,533,"AM",1,22.40614815353179,38.158356368043094,-98,"AM",1,4.308557968378728,49.750827094942125,1,7.903314656655043,39.03082624188937,11.306665907214162,0
"Test16545",1000,537,"AM",1,22.931007603118402,60.85959261002064,-95,"AM",1,4.308557968378728,49.750827094942125,1,7.903314656655043,39.03082624188937,11.306665907214162,0
"Test16545",1000,537,"AM",1,22.931007603118402,60.85959261002064,-108,"AM",1,4.308557968378728,49.750827094942125,1,7.903314656655043,39.03082624188937,11.306665907214162,0
"Test16545",1000,537,"AM",1,22.931007603118402,60.85959261002064,-99,"AM",1,4.308557968378728,49.750827094942125,1,7.903314656655043,39.03082624188937,11.306665907214162,0
"Test16545",1000,537,"AM",1,22.931007603118402,60.85959261002064,-99,"AM",1,4.308557968378728,49.750827094942125,1,7.903314656655043,39.03082624188937,11.306665907214162,0
"Test16545",1000,579,"AM",1,15.657972351110983,68.35175042702784,-101,"AM",1,4.308557968378728,49.750827094942125,1,7.903314656655043,39.03082624188937,11.306665907214162,0
"Test16545",1000,579,"AM",1,15.657972351110983,68.35175042702784,-103,"AM",1,4.308557968378728,49.750827094942125,1,7.903314656655043,39.03082624188937,11.306665907214162,0
"Test16545",1000,579,"AM",1,15.657972351110983,68.35175042702784,-95,"AM",1,4.308557968378728,49.750827094942125,1,7.903314656655043,39.03082624188937,11.306665907214162,0
"Test16545",1000,579,"AM",1,15.657972351110983,68.35175042702784,-99,"AM",1,4.308557968378728,49.750827094942125,1,7.903314656655043,39.03082624188937,11.306665907214162,0
"Test16545",1000,542,"AM",1,0.8869632503172951,30.44143410764571,-100,"AM",1,4.308557968378728,49.750827094942125,1,7.903314656655043,39.03082624188937,11.306665907214162,0
"Test16545",1000,534,"AM",1,23.005985968048318,49.39659185422822,-99,"AM",1,4.308557968378728,49.750827094942125,1,7.903314656655043,39.03082624188937,11.306665907214162,0
"Test16545",1000,534,"AM",1,23.005985968048318,49.39659185422822,-103,"AM",1,4.308557968378728,49.750827094942125,1,7.903314656655043,39.03082624188937,11.306665907214162,0
"Test16545",1000,534,"AM",1,23.005985968048318,49.39659185422822,-100,"AM",1,4.308557968378728,49.750827094942125,1,7.903314656655043,39.03082624188937,11.306665907214162,0
"Test16545",1000,534,"AM",1,23.005985968048318,49.39659185422822,-99,"AM",1,4.308557968378728,49.750827094942125,1,7.903314656655043,39.03082624188937,11.306665907214162,0
"Test16545",1000,534,"AM",1,23.005985968048318,49.39659185422822,-103,"AM",1,4.308557968378728,49.750827094942125,1,7.903314656655043,39.03082624188937,11.306665907214162,0
"Test16545",1000,534,"AM",1,23.005985968048318,49.39659185422822,-100,"AM",1,4.308557968378728,49.750827094942125,1,7.903314656655043,39.03082624188937,11.306665907214162,0
"Test70565",1000,584,"AM",1,14.758214851116394,38.00851285497156,-92,"AM",1,4.308557968378728,49.51309274392676,1,6.658794198788213,34.08430782762657,15.6067618144246,0
"Test50294",1000,584,"AM",1,14.758214851116394,38.00851285497156,-79,"AM",1,7.877342455798169,41.19239045838931,1,7.305241762399525,34.03053717082323,7.184667126318957,0
"Test50294",1000,582,"AM",1,11.908984843052998,23.099117519462734,-84,"AM",1,7.877342455798169,41.19239045838931,1,7.305241762399525,34.03053717082323,7.184667126318957,0
"Test50294",1000,582,"AM",1,11.908984843052998,23.099117519462734,-89,"AM",1,7.877342455798169,41.19239045838931,1,7.305241762399525,34.03053717082323,7.184667126318957,0
"Test50294",1000,582,"AM",1,11.908984843052998,23.099117519462734,-84,"AM",1,7.877342455798169,41.19239045838931,1,7.305241762399525,34.03053717082323,7.184667126318957,0
"Test50294",1000,592,"AM",1,4.78590982289451,45.725435115368946,-91,"AM",1,7.877342455798169,41.19239045838931,1,7.305241762399525,34.03053717082323,7.184667126318957,0
"Test50294",1000,592,"AM",1,4.78590982289451,45.725435115368946,-90,"AM",1,7.877342455798169,41.19239045838931,1,7.305241762399525,34.03053717082323,7.184667126318957,0
"Test50294",1000,542,"AM",1,0.8869632503172951,30.44143410764571,-101,"AM",1,7.877342455798169,41.19239045838931,1,7.305241762399525,34.03053717082323,7.184667126318957,0
"Test50294",1000,542,"AM",1,0.8869632503172951,30.44143410764571,-101,"AM",1,7.877342455798169,41.19239045838931,1,7.305241762399525,34.03053717082323,7.184667126318957,0
"Test50294",1000,542,"AM",1,0.8869632503172951,30.44143410764571,-98,"AM",1,7.877342455798169,41.19239045838931,1,7.305241762399525,34.03053717082323,7.184667126318957,0
"Test50294",1000,536,"AM",1,23.080965889417833,30.516355864181474,-103,"AM",1,7.877342455798169,41.19239045838931,1,7.305241762399525,34.03053717082323,7.184667126318957,0
"Test50294",1000,534,"AM",1,23.005985968048318,49.39659185422822,-107,"AM",1,7.877342455798169,41.19239045838931,1,7.305241762399525,34.03053717082323,7.184667126318957,0
"Test40075",1000,584,"AM",1,14.758214851116394,38.00851285497156,-83,"AM",1,7.639423541851525,40.716921756358595,1,7.481818512568027,36.31743188607993,4.402311945323733,0
"Test40075",1000,568,"AM",1,0.43708479215242596,38.00851285497156,-96,"AM",1,7.639423541851525,40.716921756358595,1,7.481818512568027,36.31743188607993,4.402311945323733,0
"Test40075",1000,568,"AM",1,0.43708479215242596,38.00851285497156,-94,"AM",1,7.639423541851525,40.716921756358595,1,7.481818512568027,36.31743188607993,4.402311945323733,0
"Test40075",1000,568,"AM",1,0.43708479215242596,38.00851285497156,-92,"AM",1,7.639423541851525,40.716921756358595,1,7.481818512568027,36.31743188607993,4.402311945323733,0
"Test40075",1000,568,"AM",1,0.43708479215242596,38.00851285497156,-96,"AM",1,7.639423541851525,40.716921756358595,1,7.481818512568027,36.31743188607993,4.402311945323733,0
"Test40075",1000,568,"AM",1,0.43708479215242596,38.00851285497156,-91,"AM",1,7.639423541851525,40.716921756358595,1,7.481818512568027,36.31743188607993,4.402311945323733,0
"Test40075",1000,592,"AM",1,4.78590982289451,45.725435115368946,-97,"AM",1,7.639423541851525,40.716921756358595,1,7.481818512568027,36.31743188607993,4.402311945323733,0
"Test40075",1000,592,"AM",1,4.78590982289451,45.725435115368946,-93,"AM",1,7.639423541851525,40.716921756358595,1,7.481818512568027,36.31743188607993,4.402311945323733,0
"Test40075",1000,582,"AM",1,11.908984843052998,23.099117519462734,-96,"AM",1,7.639423541851525,40.716921756358595,1,7.481818512568027,36.31743188607993,4.402311945323733,0
"Test40075",1000,582,"AM",1,11.908984843052998,23.099117519462734,-95,"AM",1,7.639423541851525,40.716921756358595,1,7.481818512568027,36.31743188607993,4.402311945323733,0
"Test40075",1000,533,"AM",1,22.40614815353179,38.158356368043094,-96,"AM",1,7.639423541851525,40.716921756358595,1,7.481818512568027,36.31743188607993,4.402311945323733,0
"Test79839",1000,584,"AM",1,14.758214851116394,38.00851285497156,-77,"AM",1,5.260234013275198,37.3886377316792,1,7.827969586169615,31.840275649775595,6.113721269751597,0
"Test79839",1000,584,"AM",1,14.758214851116394,38.00851285497156,-79,"AM",1,5.260234013275198,37.3886377316792,1,7.827969586169615,31.840275649775595,6.113721269751597,0
"Test79839",1000,582,"AM",1,11.908984843052998,23.099117519462734,-85,"AM",1,5.260234013275198,37.3886377316792,1,7.827969586169615,31.840275649775595,6.113721269751597,0
"Test79839",1000,582,"AM",1,11.908984843052998,23.099117519462734,-82,"AM",1,5.260234013275198,37.3886377316792,1,7.827969586169615,31.840275649775595,6.113721269751597,0
"Test79839",1000,568,"AM",1,0.43708479215242596,38.00851285497156,-83,"AM",1,5.260234013275198,37.3886377316792,1,7.827969586169615,31.840275649775595,6.113721269751597,0
"Test79839",1000,568,"AM",1,0.43708479215242596,38.00851285497156,-85,"AM",1,5.260234013275198,37.3886377316792,1,7.827969586169615,31.840275649775595,6.113721269751597,0
"Test79839",1000,568,"AM",1,0.43708479215242596,38.00851285497156,-84,"AM",1,5.260234013275198,37.3886377316792,1,7.827969586169615,31.840275649775595,6.113721269751597,0
"Test79839",1000,568,"AM",1,0.43708479215242596,38.00851285497156,-84,"AM",1,5.260234013275198,37.3886377316792,1,7.827969586169615,31.840275649775595,6.113721269751597,0
"Test79839",1000,592,"AM",1,4.78590982289451,45.725435115368946,-84,"AM",1,5.260234013275198,37.3886377316792,1,7.827969586169615,31.840275649775595,6.113721269751597,0
"Test79839",1000,542,"AM",1,0.8869632503172951,30.44143410764571,-84,"AM",1,5.260234013275198,37.3886377316792,1,7.827969586169615,31.840275649775595,6.113721269751597,0
"Test79839",1000,542,"AM",1,0.8869632503172951,30.44143410764571,-95,"AM",1,5.260234013275198,37.3886377316792,1,7.827969586169615,31.840275649775595,6.113721269751597,0
"Test84117",1000,584,"AM",1,14.758214851116394,38.00851285497156,-76,"AM",1,5.260234013275198,31.445280511527507,1,9.422975878092629,31.38109454737718,4.163236682089742,0
"Test84117",1000,584,"AM",1,14.758214851116394,38.00851285497156,-77,"AM",1,5.260234013275198,31.445280511527507,1,9.422975878092629,31.38109454737718,4.163236682089742,0
"Test84117",1000,584,"AM",1,14.758214851116394,38.00851285497156,-79,"AM",1,5.260234013275198,31.445280511527507,1,9.422975878092629,31.38109454737718,4.163236682089742,0
"Test84117",1000,584,"AM",1,14.758214851116394,38.00851285497156,-78,"AM",1,5.260234013275198,31.445280511527507,1,9.422975878092629,31.38109454737718,4.163236682089742,0
"Test84117",1000,542,"AM",1,0.8869632503172951,30.44143410764571,-79,"AM",1,5.260234013275198,31.445280511527507,1,9.422975878092629,31.38109454737718,4.163236682089742,0
"Test84117",1000,542,"AM",1,0.8869632503172951,30.44143410764571,-85,"AM",1,5.260234013275198,31.445280511527507,1,9.422975878092629,31.38109454737718,4.163236682089742,0
"Test84117",1000,582,"AM",1,11.908984843052998,23.099117519462734,-85,"AM",1,5.260234013275198,31.445280511527507,1,9.422975878092629,31.38109454737718,4.163236682089742,0
"Test84117",1000,582,"AM",1,11.908984843052998,23.099117519462734,-82,"AM",1,5.260234013275198,31.445280511527507,1,9.422975878092629,31.38109454737718,4.163236682089742,0
"Test84117",1000,582,"AM",1,11.908984843052998,23.099117519462734,-85,"AM",1,5.260234013275198,31.445280511527507,1,9.422975878092629,31.38109454737718,4.163236682089742,0
"Test84117",1000,582,"AM",1,11.908984843052998,23.099117519462734,-82,"AM",1,5.260234013275198,31.445280511527507,1,9.422975878092629,31.38109454737718,4.163236682089742,0
"Test84117",1000,592,"AM",1,4.78590982289451,45.725435115368946,-93,"AM",1,5.260234013275198,31.445280511527507,1,9.422975878092629,31.38109454737718,4.163236682089742,0
"Test84117",1000,592,"AM",1,4.78590982289451,45.725435115368946,-94,"AM",1,5.260234013275198,31.445280511527507,1,9.422975878092629,31.38109454737718,4.163236682089742,0
"Test84117",1000,568,"AM",1,0.43708479215242596,38.00851285497156,-93,"AM",1,5.260234013275198,31.445280511527507,1,9.422975878092629,31.38109454737718,4.163236682089742,0
"Test84117",1000,568,"AM",1,0.43708479215242596,38.00851285497156,-95,"AM",1,5.260234013275198,31.445280511527507,1,9.422975878092629,31.38109454737718,4.163236682089742,0
"Test84117",1000,568,"AM",1,0.43708479215242596,38.00851285497156,-96,"AM",1,5.260234013275198,31.445280511527507,1,9.422975878092629,31.38109454737718,4.163236682089742,0
"Test84117",1000,536,"AM",1,23.080965889417833,30.516355864181474,-95,"AM",1,5.260234013275198,31.445280511527507,1,9.422975878092629,31.38109454737718,4.163236682089742,0
"Test84117",1000,588,"AM",1,3.0613755224946493,60.484984604957916,-102,"AM",1,5.260234013275198,31.445280511527507,1,9.422975878092629,31.38109454737718,4.163236682089742,0
"Test84117",1000,533,"AM",1,22.40614815353179,38.158356368043094,-103,"AM",1,5.260234013275198,31.445280511527507,1,9.422975878092629,31.38109454737718,4.163236682089742,0
"Test84117",1000,533,"AM",1,22.40614815353179,38.158356368043094,-113,"AM",1,5.260234013275198,31.445280511527507,1,9.422975878092629,31.38109454737718,4.163236682089742,0
"Test8205",1000,582,"AM",1,11.908984843052998,23.099117519462734,-84,"AM",1,5.260234013275198,31.68301330731065,1,9.422975873835025,31.38109454702899,4.17367640521724,0
"Test8205",1000,582,"AM",1,11.908984843052998,23.099117519462734,-85,"AM",1,5.260234013275198,31.68301330731065,1,9.422975873835025,31.38109454702899,4.17367640521724,0
"Test8205",1000,582,"AM",1,11.908984843052998,23.099117519462734,-85,"AM",1,5.260234013275198,31.68301330731065,1,9.422975873835025,31.38109454702899,4.17367640521724,0
"Test8205",1000,582,"AM",1,11.908984843052998,23.099117519462734,-83,"AM",1,5.260234013275198,31.68301330731065,1,9.422975873835025,31.38109454702899,4.17367640521724,0
"Test8205",1000,582,"AM",1,11.908984843052998,23.099117519462734,-83,"AM",1,5.260234013275198,31.68301330731065,1,9.422975873835025,31.38109454702899,4.17367640521724,0
"Test8205",1000,582,"AM",1,11.908984843052998,23.099117519462734,-84,"AM",1,5.260234013275198,31.68301330731065,1,9.422975873835025,31.38109454702899,4.17367640521724,0
"Test8205",1000,582,"AM",1,11.908984843052998,23.099117519462734,-84,"AM",1,5.260234013275198,31.68301330731065,1,9.422975873835025,31.38109454702899,4.17367640521724,0
"Test8205",1000,542,"AM",1,0.8869632503172951,30.44143410764571,-88,"AM",1,5.260234013275198,31.68301330731065,1,9.422975873835025,31.38109454702899,4.17367640521724,0
"Test8205",1000,542,"AM",1,0.8869632503172951,30.44143410764571,-88,"AM",1,5.260234013275198,31.68301330731065,1,9.422975873835025,31.38109454702899,4.17367640521724,0
"Test8205",1000,542,"AM",1,0.8869632503172951,30.44143410764571,-87,"AM",1,5.260234013275198,31.68301330731065,1,9.422975873835025,31.38109454702899,4.17367640521724,0
"Test8205",1000,542,"AM",1,0.8869632503172951,30.44143410764571,-84,"AM",1,5.260234013275198,31.68301330731065,1,9.422975873835025,31.38109454702899,4.17367640521724,0
"Test8205",1000,542,"AM",1,0.8869632503172951,30.44143410764571,-84,"AM",1,5.260234013275198,31.68301330731065,1,9.422975873835025,31.38109454702899,4.17367640521724,0
"Test8205",1000,542,"AM",1,0.8869632503172951,30.44143410764571,-84,"AM",1,5.260234013275198,31.68301330731065,1,9.422975873835025,31.38109454702899,4.17367640521724,0
"Test8205",1000,542,"AM",1,0.8869632503172951,30.44143410764571,-83,"AM",1,5.260234013275198,31.68301330731065,1,9.422975873835025,31.38109454702899,4.17367640521724,0
"Test8205",1000,542,"AM",1,0.8869632503172951,30.44143410764571,-87,"AM",1,5.260234013275198,31.68301330731065,1,9.422975873835025,31.38109454702899,4.17367640521724,0
"Test8205",1000,584,"AM",1,14.758214851116394,38.00851285497156,-90,"AM",1,5.260234013275198,31.68301330731065,1,9.422975873835025,31.38109454702899,4.17367640521724,0
"Test8205",1000,584,"AM",1,14.758214851116394,38.00851285497156,-91,"AM",1,5.260234013275198,31.68301330731065,1,9.422975873835025,31.38109454702899,4.17367640521724,0
"Test8205",1000,584,"AM",1,14.758214851116394,38.00851285497156,-94,"AM",1,5.260234013275198,31.68301330731065,1,9.422975873835025,31.38109454702899,4.17367640521724,0
"Test8205",1000,584,"AM",1,14.758214851116394,38.00851285497156,-93,"AM",1,5.260234013275198,31.68301330731065,1,9.422975873835025,31.38109454702899,4.17367640521724,0
"Test8205",1000,568,"AM",1,0.43708479215242596,38.00851285497156,-93,"AM",1,5.260234013275198,31.68301330731065,1,9.422975873835025,31.38109454702899,4.17367640521724,0
"Test8205",1000,568,"AM",1,0.43708479215242596,38.00851285497156,-93,"AM",1,5.260234013275198,31.68301330731065,1,9.422975873835025,31.38109454702899,4.17367640521724,0
"Test8205",1000,568,"AM",1,0.43708479215242596,38.00851285497156,-95,"AM",1,5.260234013275198,31.68301330731065,1,9.422975873835025,31.38109454702899,4.17367640521724,0
"Test70869",1000,588,"AM",1,3.0613755224946493,60.484984604957916,-87,"AM",1,1.6914495258557574,62.58848554904381,1,10.993053252511983,61.61259579062674,9.352656986564208,0
"Test70869",1000,588,"AM",1,3.0613755224946493,60.484984604957916,-88,"AM",1,1.6914495258557574,62.58848554904381,1,10.993053252511983,61.61259579062674,9.352656986564208,0
"Test70869",1000,588,"AM",1,3.0613755224946493,60.484984604957916,-85,"AM",1,1.6914495258557574,62.58848554904381,1,10.993053252511983,61.61259579062674,9.352656986564208,0
"Test70869",1000,588,"AM",1,3.0613755224946493,60.484984604957916,-78,"AM",1,1.6914495258557574,62.58848554904381,1,10.993053252511983,61.61259579062674,9.352656986564208,0
"Test70869",1000,588,"AM",1,3.0613755224946493,60.484984604957916,-77,"AM",1,1.6914495258557574,62.58848554904381,1,10.993053252511983,61.61259579062674,9.352656986564208,0
"Test70869",1000,588,"AM",1,3.0613755224946493,60.484984604957916,-76,"AM",1,1.6914495258557574,62.58848554904381,1,10.993053252511983,61.61259579062674,9.352656986564208,0
"Test70869",1000,588,"AM",1,3.0613755224946493,60.484984604957916,-76,"AM",1,1.6914495258557574,62.58848554904381,1,10.993053252511983,61.61259579062674,9.352656986564208,0
"Test70869",1000,567,"AM",1,4.111092087008469,68.50159355129132,-92,"AM",1,1.6914495258557574,62.58848554904381,1,10.993053252511983,61.61259579062674,9.352656986564208,0
"Test70869",1000,567,"AM",1,4.111092087008469,68.50159355129132,-89,"AM",1,1.6914495258557574,62.58848554904381,1,10.993053252511983,61.61259579062674,9.352656986564208,0
"Test70869",1000,567,"AM",1,4.111092087008469,68.50159355129132,-95,"AM",1,1.6914495258557574,62.58848554904381,1,10.993053252511983,61.61259579062674,9.352656986564208,0
"Test70869",1000,567,"AM",1,4.111092087008469,68.50159355129132,-87,"AM",1,1.6914495258557574,62.58848554904381,1,10.993053252511983,61.61259579062674,9.352656986564208,0
"Test70869",1000,579,"AM",1,15.657972351110983,68.35175042702784,-96,"AM",1,1.6914495258557574,62.58848554904381,1,10.993053252511983,61.61259579062674,9.352656986564208,0
"Test70869",1000,537,"AM",1,22.931007603118402,60.85959261002064,-99,"AM",1,1.6914495258557574,62.58848554904381,1,10.993053252511983,61.61259579062674,9.352656986564208,0
"Test79992",1000,567,"AM",1,4.111092087008469,68.50159355129132,-81,"AM",1,1.2156115034075219,66.39223574850158,1,4.1066156331112555,59.50159466454914,7.4725390213646445,0
"Test79992",1000,567,"AM",1,4.111092087008469,68.50159355129132,-80,"AM",1,1.2156115034075219,66.39223574850158,1,4.1066156331112555,59.50159466454914,7.4725390213646445,0
"Test37993",1000,579,"AM",1,15.657972351110983,68.35175042702784,-82,"AM",1,9.304855939478026,59.497938597036125,1,12.985640685724379,59.918927475579466,3.7047817727980967,0
"Test37993",1000,579,"AM",1,15.657972351110983,68.35175042702784,-77,"AM",1,9.304855939478026,59.497938597036125,1,12.985640685724379,59.918927475579466,3.7047817727980967,0
"Test37993",1000,537,"AM",1,22.931007603118402,60.85959261002064,-79,"AM",1,9.304855939478026,59.497938597036125,1,12.985640685724379,59.918927475579466,3.7047817727980967,0
"Test37993",1000,588,"AM",1,3.0613755224946493,60.484984604957916,-90,"AM",1,9.304855939478026,59.497938597036125,1,12.985640685724379,59.918927475579466,3.7047817727980967,0
"Test37993",1000,588,"AM",1,3.0613755224946493,60.484984604957916,-90,"AM",1,9.304855939478026,59.497938597036125,1,12.985640685724379,59.918927475579466,3.7047817727980967,0
"Test37993",1000,567,"AM",1,4.111092087008469,68.50159355129132,-91,"AM",1,9.304855939478026,59.497938597036125,1,12.985640685724379,59.918927475579466,3.7047817727980967,0
"Test37993",1000,567,"AM",1,4.111092087008469,68.50159355129132,-92,"AM",1,9.304855939478026,59.497938597036125,1,12.985640685724379,59.918927475579466,3.7047817727980967,0
"Test37993",1000,534,"AM",1,23.005985968048318,49.39659185422822,-97,"AM",1,9.304855939478026,59.497938597036125,1,12.985640685724379,59.918927475579466,3.7047817727980967,0
"Test37993",1000,534,"AM",1,23.005985968048318,49.39659185422822,-96,"AM",1,9.304855939478026,59.497938597036125,1,12.985640685724379,59.918927475579466,3.7047817727980967,0
"Test37993",1000,534,"AM",1,23.005985968048318,49.39659185422822,-97,"AM",1,9.304855939478026,59.497938597036125,1,12.985640685724379,59.918927475579466,3.7047817727980967,0
"Test37993",1000,584,"AM",1,14.758214851116394,38.00851285497156,-98,"AM",1,9.304855939478026,59.497938597036125,1,12.985640685724379,59.918927475579466,3.7047817727980967,0
"Test34350",1000,553,"AM",1,0.2871252898845571,15.307273502529586,-72,"AM",1,0.26393565306600075,11.951057507339483,1,7.827079484979593,12.399533585457267,7.57642893551154,0
"Test34350",1000,582,"AM",1,11.908984843052998,23.099117519462734,-86,"AM",1,0.26393565306600075,11.951057507339483,1,7.827079484979593,12.399533585457267,7.57642893551154,0
"Test34350",1000,582,"AM",1,11.908984843052998,23.099117519462734,-91,"AM",1,0.26393565306600075,11.951057507339483,1,7.827079484979593,12.399533585457267,7.57642893551154,0
"Test34350",1000,582,"AM",1,11.908984843052998,23.099117519462734,-90,"AM",1,0.26393565306600075,11.951057507339483,1,7.827079484979593,12.399533585457267,7.57642893551154,0
"Test34350",1000,582,"AM",1,11.908984843052998,23.099117519462734,-91,"AM",1,0.26393565306600075,11.951057507339483,1,7.827079484979593,12.399533585457267,7.57642893551154,0
"Test34350",1000,518,"AM",1,0.13716581193605698,3.694429233665628,-96,"AM",1,0.26393565306600075,11.951057507339483,1,7.827079484979593,12.399533585457267,7.57642893551154,0
"Test34350",1000,518,"AM",1,0.13716581193605698,3.694429233665628,-97,"AM",1,0.26393565306600075,11.951057507339483,1,7.827079484979593,12.399533585457267,7.57642893551154,0
"Test34350",1000,518,"AM",1,0.13716581193605698,3.694429233665628,-96,"AM",1,0.26393565306600075,11.951057507339483,1,7.827079484979593,12.399533585457267,7.57642893551154,0
"Test34350",1000,584,"AM",1,14.758214851116394,38.00851285497156,-100,"AM",1,0.26393565306600075,11.951057507339483,1,7.827079484979593,12.399533585457267,7.57642893551154,0
"Test34350",1000,584,"AM",1,14.758214851116394,38.00851285497156,-99,"AM",1,0.26393565306600075,11.951057507339483,1,7.827079484979593,12.399533585457267,7.57642893551154,0
"Test34350",1000,584,"AM",1,14.758214851116394,38.00851285497156,-98,"AM",1,0.26393565306600075,11.951057507339483,1,7.827079484979593,12.399533585457267,7.57642893551154,0
"Test34350",1000,601,"AM",1,22.181209945862847,15.532041882601305,-99,"AM",1,0.26393565306600075,11.951057507339483,1,7.827079484979593,12.399533585457267,7.57642893551154,0
"Test34350",1000,549,"AM",1,11.684045857164252,0.32295952094941677,-103,"AM",1,0.26393565306600075,11.951057507339483,1,7.827079484979593,12.399533585457267,7.57642893551154,0
"Test34350",1000,549,"AM",1,11.684045857164252,0.32295952094941677,-101,"AM",1,0.26393565306600075,11.951057507339483,1,7.827079484979593,12.399533585457267,7.57642893551154,0
"Test66732",1000,553,"AM",1,0.2871252898845571,15.307273502529586,-79,"AM",1,6.687747886064955,9.335978090938358,1,7.827079484979593,12.399533585457267,3.2685545368377102,0
"Test66732",1000,553,"AM",1,0.2871252898845571,15.307273502529586,-77,"AM",1,6.687747886064955,9.335978090938358,1,7.827079484979593,12.399533585457267,3.2685545368377102,0
"Test66732",1000,553,"AM",1,0.2871252898845571,15.307273502529586,-78,"AM",1,6.687747886064955,9.335978090938358,1,7.827079484979593,12.399533585457267,3.2685545368377102,0
"Test66732",1000,553,"AM",1,0.2871252898845571,15.307273502529586,-78,"AM",1,6.687747886064955,9.335978090938358,1,7.827079484979593,12.399533585457267,3.2685545368377102,0
"Test66732",1000,582,"AM",1,11.908984843052998,23.099117519462734,-90,"AM",1,6.687747886064955,9.335978090938358,1,7.827079484979593,12.399533585457267,3.2685545368377102,0
"Test66732",1000,582,"AM",1,11.908984843052998,23.099117519462734,-91,"AM",1,6.687747886064955,9.335978090938358,1,7.827079484979593,12.399533585457267,3.2685545368377102,0
"Test66732",1000,582,"AM",1,11.908984843052998,23.099117519462734,-91,"AM",1,6.687747886064955,9.335978090938358,1,7.827079484979593,12.399533585457267,3.2685545368377102,0
"Test66732",1000,582,"AM",1,11.908984843052998,23.099117519462734,-92,"AM",1,6.687747886064955,9.335978090938358,1,7.827079484979593,12.399533585457267,3.2685545368377102,0
"Test66732",1000,518,"AM",1,0.13716581193605698,3.694429233665628,-93,"AM",1,6.687747886064955,9.335978090938358,1,7.827079484979593,12.399533585457267,3.2685545368377102,0
"Test66732",1000,518,"AM",1,0.13716581193605698,3.694429233665628,-98,"AM",1,6.687747886064955,9.335978090938358,1,7.827079484979593,12.399533585457267,3.2685545368377102,0
"Test66732",1000,518,"AM",1,0.13716581193605698,3.694429233665628,-94,"AM",1,6.687747886064955,9.335978090938358,1,7.827079484979593,12.399533585457267,3.2685545368377102,0
"Test66732",1000,584,"AM",1,14.758214851116394,38.00851285497156,-102,"AM",1,6.687747886064955,9.335978090938358,1,7.827079484979593,12.399533585457267,3.2685545368377102,0
"Test66732",1000,584,"AM",1,14.758214851116394,38.00851285497156,-100,"AM",1,6.687747886064955,9.335978090938358,1,7.827079484979593,12.399533585457267,3.2685545368377102,0
"Test66732",1000,601,"AM",1,22.181209945862847,15.532041882601305,-106,"AM",1,6.687747886064955,9.335978090938358,1,7.827079484979593,12.399533585457267,3.2685545368377102,0
"Test67062",1000,582,"AM",1,11.908984843052998,23.099117519462734,-81,"AM",1,6.449828972118311,15.517074327802032,1,13.24039708681954,11.830904195210287,7.726555867060591,0
"Test67062",1000,582,"AM",1,11.908984843052998,23.099117519462734,-89,"AM",1,6.449828972118311,15.517074327802032,1,13.24039708681954,11.830904195210287,7.726555867060591,0
"Test67062",1000,582,"AM",1,11.908984843052998,23.099117519462734,-93,"AM",1,6.449828972118311,15.517074327802032,1,13.24039708681954,11.830904195210287,7.726555867060591,0
"Test67062",1000,601,"AM",1,22.181209945862847,15.532041882601305,-89,"AM",1,6.449828972118311,15.517074327802032,1,13.24039708681954,11.830904195210287,7.726555867060591,0
"Test67062",1000,601,"AM",1,22.181209945862847,15.532041882601305,-89,"AM",1,6.449828972118311,15.517074327802032,1,13.24039708681954,11.830904195210287,7.726555867060591,0
"Test67062",1000,549,"AM",1,11.684045857164252,0.32295952094941677,-95,"AM",1,6.449828972118311,15.517074327802032,1,13.24039708681954,11.830904195210287,7.726555867060591,0
"Test67062",1000,549,"AM",1,11.684045857164252,0.32295952094941677,-96,"AM",1,6.449828972118311,15.517074327802032,1,13.24039708681954,11.830904195210287,7.726555867060591,0
"Test67062",1000,549,"AM",1,11.684045857164252,0.32295952094941677,-94,"AM",1,6.449828972118311,15.517074327802032,1,13.24039708681954,11.830904195210287,7.726555867060591,0
"Test67062",1000,549,"AM",1,11.684045857164252,0.32295952094941677,-94,"AM",1,6.449828972118311,15.517074327802032,1,13.24039708681954,11.830904195210287,7.726555867060591,0
"Test67062",1000,549,"AM",1,11.684045857164252,0.32295952094941677,-94,"AM",1,6.449828972118311,15.517074327802032,1,13.24039708681954,11.830904195210287,7.726555867060591,0
"Test67062",1000,553,"AM",1,0.2871252898845571,15.307273502529586,-96,"AM",1,6.449828972118311,15.517074327802032,1,13.24039708681954,11.830904195210287,7.726555867060591,0
"Test67062",1000,553,"AM",1,0.2871252898845571,15.307273502529586,-97,"AM",1,6.449828972118311,15.517074327802032,1,13.24039708681954,11.830904195210287,7.726555867060591,0
"Test67062",1000,553,"AM",1,0.2871252898845571,15.307273502529586,-95,"AM",1,6.449828972118311,15.517074327802032,1,13.24039708681954,11.830904195210287,7.726555867060591,0
"Test67062",1000,553,"AM",1,0.2871252898845571,15.307273502529586,-95,"AM",1,6.449828972118311,15.517074327802032,1,13.24039708681954,11.830904195210287,7.726555867060591,0
"Test67062",1000,536,"AM",1,23.080965889417833,30.516355864181474,-97,"AM",1,6.449828972118311,15.517074327802032,1,13.24039708681954,11.830904195210287,7.726555867060591,0
"Test67062",1000,536,"AM",1,23.080965889417833,30.516355864181474,-97,"AM",1,6.449828972118311,15.517074327802032,1,13.24039708681954,11.830904195210287,7.726555867060591,0
"Test67062",1000,536,"AM",1,23.080965889417833,30.516355864181474,-100,"AM",1,6.449828972118311,15.517074327802032,1,13.24039708681954,11.830904195210287,7.726555867060591,0
"Test67062",1000,536,"AM",1,23.080965889417833,30.516355864181474,-99,"AM",1,6.449828972118311,15.517074327802032,1,13.24039708681954,11.830904195210287,7.726555867060591,0
"Test67062",1000,542,"AM",1,0.8869632503172951,30.44143410764571,-101,"AM",1,6.449828972118311,15.517074327802032,1,13.24039708681954,11.830904195210287,7.726555867060591,0
"Test67062",1000,542,"AM",1,0.8869632503172951,30.44143410764571,-99,"AM",1,6.449828972118311,15.517074327802032,1,13.24039708681954,11.830904195210287,7.726555867060591,0
"Test67062",1000,542,"AM",1,0.8869632503172951,30.44143410764571,-99,"AM",1,6.449828972118311,15.517074327802032,1,13.24039708681954,11.830904195210287,7.726555867060591,0
"Test67062",1000,584,"AM",1,14.758214851116394,38.00851285497156,-104,"AM",1,6.449828972118311,15.517074327802032,1,13.24039708681954,11.830904195210287,7.726555867060591,0
"Test92679",1000,549,"AM",1,11.684045857164252,0.32295952094941677,-85,"AM",1,14.06323499663068,9.573717107650348,1,11.303290368207586,11.250029375381974,3.2291356693253133,0
"Test92679",1000,549,"AM",1,11.684045857164252,0.32295952094941677,-85,"AM",1,14.06323499663068,9.573717107650348,1,11.303290368207586,11.250029375381974,3.2291356693253133,0
"Test92679",1000,549,"AM",1,11.684045857164252,0.32295952094941677,-85,"AM",1,14.06323499663068,9.573717107650348,1,11.303290368207586,11.250029375381974,3.2291356693253133,0
"Test92679",1000,549,"AM",1,11.684045857164252,0.32295952094941677,-84,"AM",1,14.06323499663068,9.573717107650348,1,11.303290368207586,11.250029375381974,3.2291356693253133,0
"Test92679",1000,601,"AM",1,22.181209945862847,15.532041882601305,-91,"AM",1,14.06323499663068,9.573717107650348,1,11.303290368207586,11.250029375381974,3.2291356693253133,0
"Test92679",1000,601,"AM",1,22.181209945862847,15.532041882601305,-94,"AM",1,14.06323499663068,9.573717107650348,1,11.303290368207586,11.250029375381974,3.2291356693253133,0
"Test92679",1000,601,"AM",1,22.181209945862847,15.532041882601305,-93,"AM",1,14.06323499663068,9.573717107650348,1,11.303290368207586,11.250029375381974,3.2291356693253133,0
"Test92679",1000,601,"AM",1,22.181209945862847,15.532041882601305,-92,"AM",1,14.06323499663068,9.573717107650348,1,11.303290368207586,11.250029375381974,3.2291356693253133,0
"Test92679",1000,553,"AM",1,0.2871252898845571,15.307273502529586,-97,"AM",1,14.06323499663068,9.573717107650348,1,11.303290368207586,11.250029375381974,3.2291356693253133,0
"Test92679",1000,553,"AM",1,0.2871252898845571,15.307273502529586,-97,"AM",1,14.06323499663068,9.573717107650348,1,11.303290368207586,11.250029375381974,3.2291356693253133,0
"Test92679",1000,553,"AM",1,0.2871252898845571,15.307273502529586,-96,"AM",1,14.06323499663068,9.573717107650348,1,11.303290368207586,11.250029375381974,3.2291356693253133,0
"Test92679",1000,563,"AM",1,22.706067839009858,0.32295952094941677,-103,"AM",1,14.06323499663068,9.573717107650348,1,11.303290368207586,11.250029375381974,3.2291356693253133,0
"Test92679",1000,563,"AM",1,22.706067839009858,0.32295952094941677,-105,"AM",1,14.06323499663068,9.573717107650348,1,11.303290368207586,11.250029375381974,3.2291356693253133,0
"Test92679",1000,533,"AM",1,22.40614815353179,38.158356368043094,-106,"AM",1,14.06323499663068,9.573717107650348,1,11.303290368207586,11.250029375381974,3.2291356693253133,0
"Test85276",1000,582,"AM",1,11.908984843052998,23.099117519462734,-88,"AM",1,16.44242569253671,14.328404127957462,1,14.683211971323926,32.24080485918832,17.9985814127976,0
"Test85276",1000,582,"AM",1,11.908984843052998,23.099117519462734,-86,"AM",1,16.44242569253671,14.328404127957462,1,14.683211971323926,32.24080485918832,17.9985814127976,0
"Test85276",1000,582,"AM",1,11.908984843052998,23.099117519462734,-86,"AM",1,16.44242569253671,14.328404127957462,1,14.683211971323926,32.24080485918832,17.9985814127976,0
"Test85276",1000,582,"AM",1,11.908984843052998,23.099117519462734,-85,"AM",1,16.44242569253671,14.328404127957462,1,14.683211971323926,32.24080485918832,17.9985814127976,0
"Test85276",1000,536,"AM",1,23.080965889417833,30.516355864181474,-91,"AM",1,16.44242569253671,14.328404127957462,1,14.683211971323926,32.24080485918832,17.9985814127976,0
"Test85276",1000,536,"AM",1,23.080965889417833,30.516355864181474,-92,"AM",1,16.44242569253671,14.328404127957462,1,14.683211971323926,32.24080485918832,17.9985814127976,0
"Test85276",1000,533,"AM",1,22.40614815353179,38.158356368043094,-104,"AM",1,16.44242569253671,14.328404127957462,1,14.683211971323926,32.24080485918832,17.9985814127976,0
"Test44416",1000,563,"AM",1,22.706067839009858,0.32295952094941677,-92,"AM",1,12.635721512950822,13.37746672389604,1,20.732705834170122,16.137464264788782,8.554457406744461,0
"Test44416",1000,563,"AM",1,22.706067839009858,0.32295952094941677,-92,"AM",1,12.635721512950822,13.37746672389604,1,20.732705834170122,16.137464264788782,8.554457406744461,0
"Test44416",1000,563,"AM",1,22.706067839009858,0.32295952094941677,-93,"AM",1,12.635721512950822,13.37746672389604,1,20.732705834170122,16.137464264788782,8.554457406744461,0
"Test44416",1000,563,"AM",1,22.706067839009858,0.32295952094941677,-92,"AM",1,12.635721512950822,13.37746672389604,1,20.732705834170122,16.137464264788782,8.554457406744461,0
"Test44416",1000,536,"AM",1,23.080965889417833,30.516355864181474,-98,"AM",1,12.635721512950822,13.37746672389604,1,20.732705834170122,16.137464264788782,8.554457406744461,0
"Test44416",1000,536,"AM",1,23.080965889417833,30.516355864181474,-94,"AM",1,12.635721512950822,13.37746672389604,1,20.732705834170122,16.137464264788782,8.554457406744461,0
"Test44416",1000,536,"AM",1,23.080965889417833,30.516355864181474,-93,"AM",1,12.635721512950822,13.37746672389604,1,20.732705834170122,16.137464264788782,8.554457406744461,0
"Test44416",1000,536,"AM",1,23.080965889417833,30.516355864181474,-92,"AM",1,12.635721512950822,13.37746672389604,1,20.732705834170122,16.137464264788782,8.554457406744461,0
"Test44416",1000,582,"AM",1,11.908984843052998,23.099117519462734,-95,"AM",1,12.635721512950822,13.37746672389604,1,20.732705834170122,16.137464264788782,8.554457406744461,0
"Test44416",1000,582,"AM",1,11.908984843052998,23.099117519462734,-98,"AM",1,12.635721512950822,13.37746672389604,1,20.732705834170122,16.137464264788782,8.554457406744461,0
"Test44416",1000,549,"AM",1,11.684045857164252,0.32295952094941677,-99,"AM",1,12.635721512950822,13.37746672389604,1,20.732705834170122,16.137464264788782,8.554457406744461,0
"Test44416",1000,549,"AM",1,11.684045857164252,0.32295952094941677,-99,"AM",1,12.635721512950822,13.37746672389604,1,20.732705834170122,16.137464264788782,8.554457406744461,0
"Test44416",1000,549,"AM",1,11.684045857164252,0.32295952094941677,-99,"AM",1,12.635721512950822,13.37746672389604,1,20.732705834170122,16.137464264788782,8.554457406744461,0
"Test44416",1000,549,"AM",1,11.684045857164252,0.32295952094941677,-99,"AM",1,12.635721512950822,13.37746672389604,1,20.732705834170122,16.137464264788782,8.554457406744461,0
"Test44416",1000,549,"AM",1,11.684045857164252,0.32295952094941677,-100,"AM",1,12.635721512950822,13.37746672389604,1,20.732705834170122,16.137464264788782,8.554457406744461,0
"Test44416",1000,601,"AM",1,22.181209945862847,15.532041882601305,-98,"AM",1,12.635721512950822,13.37746672389604,1,20.732705834170122,16.137464264788782,8.554457406744461,0
"Test44416",1000,601,"AM",1,22.181209945862847,15.532041882601305,-102,"AM",1,12.635721512950822,13.37746672389604,1,20.732705834170122,16.137464264788782,8.554457406744461,0
"Test44416",1000,601,"AM",1,22.181209945862847,15.532041882601305,-100,"AM",1,12.635721512950822,13.37746672389604,1,20.732705834170122,16.137464264788782,8.554457406744461,0
"Test44416",1000,518,"AM",1,0.13716581193605698,3.694429233665628,-101,"AM",1,12.635721512950822,13.37746672389604,1,20.732705834170122,16.137464264788782,8.554457406744461,0
"Test44416",1000,518,"AM",1,0.13716581193605698,3.694429233665628,-100,"AM",1,12.635721512950822,13.37746672389604,1,20.732705834170122,16.137464264788782,8.554457406744461,0
"Test44416",1000,518,"AM",1,0.13716581193605698,3.694429233665628,-101,"AM",1,12.635721512950822,13.37746672389604,1,20.732705834170122,16.137464264788782,8.554457406744461,0
